<?xml version="1.0" encoding="UTF-8"?>
<project-private xmlns="http://www.netbeans.org/ns/project-private/1">
    <editor-bookmarks xmlns="http://www.netbeans.org/ns/editor-bookmarks/2" lastBookmarkId="0"/>
    <open-files xmlns="http://www.netbeans.org/ns/projectui-open-files/2">
        <group>
            <file>file:/C:/Users/DELL%20PC/Downloads/QlSach_Nhom8/src/view/DN_DK_View.java</file>
            <file>file:/C:/Users/DELL%20PC/Downloads/QlSach_Nhom8/src/service/Account_Sevice.java</file>
            <file>file:/C:/Users/DELL%20PC/Downloads/QlSach_Nhom8/src/view/NguoiDung_View.java</file>
            <file>file:/C:/Users/DELL%20PC/Downloads/QlSach_Nhom8/src/service/DBConnect.java</file>
            <file>file:/C:/Users/DELL%20PC/Downloads/QlSach_Nhom8/src/service/NguoiDung_Service.java</file>
            <file>file:/C:/Users/DELL%20PC/Downloads/QlSach_Nhom8/src/service/Sach_Service.java</file>
            <file>file:/C:/Users/DELL%20PC/Downloads/QlSach_Nhom8/src/view/DoanhThu_Admin.java</file>
        </group>
    </open-files>
</project-private>
